run,fen,model,llm_bestmove,fen_valid,llm_move_valid
,1Q1Q3b/8/7N/1P6/qR5R/1B1r2Kb/8/bNk5 w - - 0 1,qwen25,d2d4,True,False
,NN6/Qr1bP3/1pKq3r/3BbP1k/4Q3/1r1rQ3/6p1/B2Rq2r w - - 0 1,qwen25,d5d4,True,False
,2n4k/n4q2/1q5P/bq1R4/7n/8/1Q6/1K4Q1 w - - 0 1,qwen25,d5d4,True,True
,2B5/rQ2K3/7q/B6p/n4rB1/1q1PNP2/2QR1n2/k1q2RR1 w - - 0 1,qwen25,h7h6,True,False
,2b5/2b2rr1/R6N/n7/p2r4/8/8/2k2K2 w - - 0 1,qwen25,d7d5,True,False
,qb1Q4/2R4b/4nK2/Qn2k3/6pQ/2B1p3/4Nr1B/4NRrr w - - 0 1,qwen25,d5d4,True,False
,2b5/3P3p/2Nk4/nn2rB1b/Pp6/bP3P2/5n2/2qB3K w - - 0 1,qwen25,d7d5,True,False
,3n3n/k2B3N/7B/1r6/8/N5K1/5N2/1r6 w - - 0 1,qwen25,d5d4,True,False
,2k5/1K2r1N1/2q5/1q3N2/3B4/1b2q3/5N1N/4B3 w - - 0 1,qwen25,d2d4,True,False
,2r1QR2/4b3/1Bp4Q/2kPP1B1/2K2B2/8/r1n2rq1/q1B5 w - - 0 1,qwen25,d7d5,True,False
,8/4nk2/2Q5/2p2RKQ/1B1p2q1/8/8/3B1N2 w - - 0 1,qwen25,d7d5,True,False
,1b6/N2rN3/1Qnrp1K1/3b1p2/2N1B3/1Bnkn3/3n4/2R1B1q1 w - - 0 1,qwen25,d7d5,True,False
,8/3n3K/8/PP6/8/k2bB3/1B2q3/8 w - - 0 1,qwen25,d2d4,True,False
,1q2N3/3k1B1P/1b2Q3/NK6/7Q/5p2/7n/3RR3 w - - 0 1,qwen25,d8d7,True,False
,1q1KR2B/4r3/2R1q3/8/1p1R1k2/2Nb4/1q6/4B2Q w - - 0 1,qwen25,d7d5,True,False
,4n1n1/n2n4/B1p5/R7/k1RK4/2Q5/8/2q3rb w - - 0 1,qwen25,d5d4,True,False
,2n5/1n1P1q2/Nbq2b2/4kPrb/3P2b1/P2rr3/1p6/3Kr3 w - - 0 1,qwen25,d2d4,True,False
,4n3/8/8/1rK5/1P3P2/6k1/4R3/4n3 w - - 0 1,qwen25,d2d4,True,False
,QK6/3q4/3n4/2P5/B6R/4kr2/8/8 w - - 0 1,qwen25,d2d4,True,False
,6Q1/1Q3p2/3K4/8/n1Q2qR1/8/p7/1k5R w - - 0 1,qwen25,h7h8,True,False
,1bq2N2/qR1RP1QP/3Qq2n/K7/4Q2k/2B4B/7q/r3Q3 w - - 0 1,qwen25,d5d4,True,False
,3B4/1b2b3/8/8/1R1KPQ2/1q2PR2/2k1p3/7Q w - - 0 1,qwen25,d5d4,True,False
,n1N4r/2p1b2P/5q1B/3B2q1/2bK3q/r7/bQpk4/1b2b2N w - - 0 1,qwen25,d8c6,True,False
,1N4n1/8/8/8/nk6/5K2/6p1/7b w - - 0 1,qwen25,d7d5,True,False
,2BQ4/5B2/1k6/1Pn2n2/1K6/b4r2/4R3/5B2 w - - 0 1,qwen25,d2d4,True,False
,3n2q1/K3R3/8/3N4/4QP2/8/8/3k1q2 w - - 0 1,qwen25,d5d4,True,False
,N3k3/3b4/2QP4/1bqP1nb1/4b3/3Kr2q/1n2R1n1/R2R1n1n w - - 0 1,qwen25,d5d4,True,False
,5R2/8/4r1P1/1R3R2/8/8/4B1rK/5kr1 w - - 0 1,qwen25,h7h6,True,False
,5k2/P7/4r3/B7/1K1q4/3B2r1/1p1Q1b2/4r2n w - - 0 1,qwen25,d5d4,True,False
,5R2/7P/5n2/qrN1K1k1/4N3/QB2b3/3b3q/n3N3 w - - 0 1,qwen25,d5d4,True,False
,3Q2q1/3p4/1K1n4/7R/2B3B1/8/3N4/4n2k w - - 0 1,qwen25,h7h6,True,False
,8/3K1kr1/4n1N1/P7/7b/5B2/P7/7R w - - 0 1,qwen25,h7h5,True,False
,8/K3r3/8/2B2N2/5k1p/5n2/8/8 w - - 0 1,qwen25,d2d4,True,False
,4QrK1/p1r3Q1/4P1N1/4q3/7R/4N1Q1/3k1q2/3R4 w - - 0 1,qwen25,h8g6,True,False
,6qq/k5K1/1p4N1/3N2Q1/2r3r1/8/1R6/1Q6 w - - 0 1,qwen25,h7h5,True,False
,6N1/1kr4n/3R1R2/Q7/8/5p2/1K5r/8 w - - 0 1,qwen25,d5d4,True,False
,1K2n1n1/2k5/8/1p6/3q1P2/8/6qP/n7 w - - 0 1,qwen25,d5d4,True,False
,R2N1k2/4p1q1/4Q3/2N5/n3Rb2/2P3nb/8/3Kr2q w - - 0 1,qwen25,d5d4,True,False
,4nN2/4N3/5b1n/2r5/2p3k1/6Pq/3K3B/7B w - - 0 1,qwen25,d5d4,True,False
,8/N3P2R/1Nq2b2/k7/4qP2/3K1b2/3r4/6R1 w - - 0 1,qwen25,d5d4,True,False
,1R2Q3/1K2r3/2N4p/n2p2n1/6q1/Qq4pk/1n5P/1B3Q2 w - - 0 1,qwen25,d7d5,True,False
,5K2/5Q2/8/2R5/5pB1/B7/4kP1R/8 w - - 0 1,qwen25,h7h6,True,False
,N2b2B1/1k2n3/Rb3p2/R6B/3N3N/2n1PK2/3nBQ2/r1QQ4 w - - 0 1,qwen25,d5d4,True,False
,2q2q2/3Br2n/4n1k1/1b6/1b1rNPn1/3P1PR1/bRNK4/3N1bqq w - - 0 1,qwen25,d5d4,True,False
,r4BQ1/2qr1N2/1b1p2K1/2N5/1RRQ1Qk1/1bP2n2/N6b/2B5 w - - 0 1,qwen25,d2d4,True,False
,7K/n7/8/2Q4B/8/8/4k3/3rQ3 w - - 0 1,qwen25,d5d4,True,False
,3Bb3/1B4Kn/qr1N3k/8/1p1P2p1/4RR2/1q6/qRb4B w - - 0 1,qwen25,d7d5,True,False
,1R1N4/3PpbBB/5K2/1q1B4/1r2B3/8/n2N4/1k3N1R w - - 0 1,qwen25,d7d5,True,False
,1q2Q3/6p1/6k1/1pN4b/3N4/1r3R2/2R5/Kn6 w - - 0 1,qwen25,d7d5,True,False
,2RR1n2/8/8/QQ4n1/R3N3/q1R3pK/Rbk3q1/q1n1R3 w - - 0 1,qwen25,d5d4,True,False
,bnN5/2r1pkN1/2r5/1q5b/rpqq1N1B/R1p5/2NK4/2r4Q w - - 0 1,qwen25,d7d5,True,False
,3n4/8/3bB1k1/r7/1q6/1b2B3/BB6/1K6 w - - 0 1,qwen25,d5d4,True,False
,8/4Q1k1/1pq5/2q4R/p7/1K3P2/8/5BB1 w - - 0 1,qwen25,g1f3,True,False
,1q5r/8/2R4K/1B6/8/4R3/b3k1R1/qQ1B4 w - - 0 1,qwen25,d7d5,True,False
,1n1K4/8/4rq2/k7/8/8/3Q4/6N1 w - - 0 1,qwen25,d5d4,True,False
,7r/k7/3p4/6p1/7B/6R1/6b1/1Q1K4 w - - 0 1,qwen25,h7h8,True,False
,4RR2/B7/1n4k1/b1P5/5K2/8/3rn2R/7Q w - - 0 1,qwen25,h7h8,True,False
,8/8/4q2Q/p7/2Q1K3/4nq2/2Qr1Q2/k7 w - - 0 1,qwen25,d5d4,True,False
,k4Q1b/6b1/K4N1n/6q1/6B1/4BbP1/4B2r/3N1Qn1 w - - 0 1,qwen25,h7h5,True,False
,4q3/b1Q5/1N1Q1q1K/1q6/2b3P1/2n5/2b2k1b/r4N2 w - - 0 1,qwen25,d7d5,True,False
,1bn3k1/b4N1R/2q3b1/3P4/pK1Q2P1/5N2/3qR1rn/b6b w - - 0 1,qwen25,d5d4,True,False
,5N1B/1kR4r/1B1nKq2/1b4Q1/1q6/8/1n4BP/q3N3 w - - 0 1,qwen25,d7d5,True,False
,4qR2/8/qNP1bK2/2r5/1PqBn3/8/kq6/8 w - - 0 1,qwen25,g7g5,True,False
,2q1Rqb1/P5kp/r2N4/R2N1Pr1/5r2/NP1K4/2p1B3/8 w - - 0 1,qwen25,d7d5,True,False
,rb3kq1/r1Rp2b1/8/8/3p1r1N/5nN1/nbP4P/1r2rn1K w - - 0 1,qwen25,d5d4,True,False
,1bqq4/b7/1KN5/Br1B4/b4Np1/3r1Q2/B1b4k/Nb4bN w - - 0 1,qwen25,d5d4,True,False
,1b4Q1/8/3P1qN1/5KQ1/5n2/1N1r2k1/4b3/2Nr3n w - - 0 1,qwen25,d7d5,True,False
,1R6/1Pr1nqB1/2kpQB1q/1Qn2Q2/rRP5/2q5/2Q5/B1R3BK w - - 0 1,qwen25,d7d5,True,False
,B6N/7k/Nr3R2/8/5B2/2PPr1Q1/7K/3N1Q1r w - - 0 1,qwen25,h7h5,True,False
,k7/1N3b2/1b3q2/1Bq5/8/4B2N/4B3/n6K w - - 0 1,qwen25,d7d5,True,False
,8/6r1/4r3/2k4N/1n2Bq2/8/5qb1/Q2K4 w - - 0 1,qwen25,d2d4,True,False
,8/r2Kk3/2b5/8/8/3P4/4p3/6B1 w - - 0 1,qwen25,d7d5,True,False
,6b1/1N6/Q2K1n2/3R2bP/2Q4N/8/1R1Q3k/7r w - - 0 1,qwen25,h7h5,True,False
,R1N3Q1/p4p1r/n3r2P/6n1/p2B4/K2k2R1/3Q2b1/4BRNN w - - 0 1,qwen25,d5d4,True,False
,2rB2Kb/1N3p2/2N4R/3p2R1/3P4/5n1n/1k1R2r1/3bQ3 w - - 0 1,qwen25,d2d4,True,False
,5bR1/B7/3k4/q3Q3/5q2/4Q3/2Q5/1K1Q4 w - - 0 1,qwen25,h7h8,True,False
,K7/5rq1/q4qQQ/2Q2Q2/r3Nq1p/nPR4n/k6n/1b1Q1NB1 w - - 0 1,qwen25,d5d4,True,False
,1N3q2/1NQ2Q1N/5KNQ/4p2r/1n6/1p6/4k3/1R6 w - - 0 1,qwen25,d2d4,True,False
,5N2/6qR/1K6/8/1B4k1/4q3/8/8 w - - 0 1,qwen25,d7d5,True,False
,8/p5N1/4q1b1/K7/8/2k3r1/2N5/4NQ2 w - - 0 1,qwen25,d5d4,True,False
,6b1/1P2B3/7k/8/5P2/b6K/Q7/8 w - - 0 1,qwen25,g1f3,True,False
,1RK5/1q3QNN/8/1N2P2N/6N1/5b2/5b1k/7B w - - 0 1,qwen25,d5d4,True,False
,nN1N2k1/2QP1K2/4pr2/3P4/8/1n2b3/6R1/4b1r1 w - - 0 1,qwen25,d5d4,True,False
,6N1/Nr6/2q1rn1r/B3P2R/2K1Pr1N/nb1Q4/1k3P2/b7 w - - 0 1,qwen25,d5d4,True,False
,1b1Q1nQ1/3r4/2BBB2b/1nK2k2/b1b1r3/4r3/1N1b4/4b3 w - - 0 1,qwen25,d5d4,True,False
,r2kNr2/q5K1/p7/1P5n/3N4/8/7p/2R5 w - - 0 1,qwen25,d5d4,True,False
,8/8/n2K2p1/8/kR6/3B4/n7/1n6 w - - 0 1,qwen25,d5d4,True,False
,4r3/7b/2Q3Pp/2bb1np1/kB6/r1R3pq/b4K2/B3nN2 w - - 0 1,qwen25,d5d4,True,False
,2KN1qk1/qQ5p/7b/5N2/1Q3P2/N7/bQ2P2Q/q1NQ2Q1 w - - 0 1,qwen25,d2d4,True,False
,8/8/2K1N1q1/6k1/6Q1/1p6/8/1Q3q2 w - - 0 1,qwen25,d5d4,True,False
,7q/bn3r2/p2kPR2/2QnPn1q/1Rp2Rb1/1N3P2/1p1b1Q2/nR1K4 w - - 0 1,qwen25,d5d4,True,False
,q4Q1N/1rrQ1k2/8/rq1p3P/7n/7Q/6q1/BBK5 w - - 0 1,qwen25,d7d5,True,False
,1n1b3k/4b3/8/8/8/4B3/4Q3/3Kb3 w - - 0 1,qwen25,d5d4,True,False
,5B1K/8/8/2b5/6nR/b3Q3/1R3R2/4k3 w - - 0 1,qwen25,d5d4,True,False
,1Nr1nq1n/Kb6/3Q2B1/Rp2bp2/1qN5/2p5/3k3N/6n1 w - - 0 1,qwen25,d7d5,True,False
,n2r2rR/3Q2BN/3B2qP/2q5/1P3Qk1/1nB1KBQ1/1r6/1Q1rqq2 w - - 0 1,qwen25,d7d5,True,False
,k4b2/P7/2Nn3q/1P6/5B1p/6N1/8/1K6 w - - 0 1,qwen25,d5d4,True,False
,2Q5/1N2k3/r1p2B2/1Q1N1nN1/2b5/6B1/7b/K3N3 w - - 0 1,qwen25,d2d4,True,False
,R2KRR2/8/8/1q6/8/1k1n4/8/2b1R1nr w - - 0 1,qwen25,d5d4,True,False
,4b2n/8/8/3b3N/b2Q4/6Pn/Kk3R2/3Q4 w - - 0 1,qwen25,d5d4,True,False
,B3RBk1/8/2N1b2p/3b4/4p3/1Q4b1/2q1p3/4KN2 w - - 0 1,qwen25,d5d4,True,False
,1N5r/1r1R4/b4QP1/R2pp2k/7q/n4PR1/3N2nB/4n2K w - - 0 1,qwen25,d8d7,True,False
,8/nkpB1P2/3p2Qb/3NK3/Q6N/r7/5QNb/R6b w - - 0 1,qwen25,d5d4,True,False
,5K2/b4kB1/5rQr/P3B3/5p2/4N3/8/8 w - - 0 1,qwen25,h7h6,True,False
,RB4Q1/1P6/R7/4Q2N/K5q1/2k2Q1b/Q3N1QB/1Qq2rN1 w - - 0 1,qwen25,d5d4,True,False
,B7/3N4/2n1p1p1/8/5k2/7K/5r2/8 w - - 0 1,qwen25,d2d4,True,False
,2qQ1Q1r/5p2/2Q1b3/P6n/1r2B1bn/4NR1k/Q2K4/3B1R1R w - - 0 1,qwen25,h7h8q,True,False
,6B1/8/3P1r2/8/2k4r/8/2K3b1/2r1N2n w - - 0 1,qwen25,d5d4,True,False
,5B2/1r2n3/r4B2/2r5/3P1q2/p1Rk1K2/5R2/3R1Q2 w - - 0 1,qwen25,d5d4,True,False
,1B6/K7/4R3/2B5/8/q2N1b2/3N4/2k5 w - - 0 1,qwen25,d5d4,True,False
,3qk3/4qR1R/2r3b1/N1p5/RN5R/2p3q1/6nR/2N1K2q w - - 0 1,qwen25,d7d5,True,False
,2K1kR2/8/5P2/5Q1B/2q1Q3/1Q6/b7/1r3Q1Q w - - 0 1,qwen25,h7h5,True,False
,K1nQ3q/6k1/5R2/1P6/1Q4R1/3rrr2/n7/2B1q1QR w - - 0 1,qwen25,h7h5,True,False
,4R3/1Qk5/4R2Q/1K3Q2/8/8/2n3q1/3Q4 w - - 0 1,qwen25,d7d5,True,False
,2n5/6q1/4K2p/1r6/r1b5/7k/5nN1/3Q2R1 w - - 0 1,qwen25,d2d4,True,False
,r4nr1/8/3n1K2/1k2NB1R/4q3/1p6/2p2b2/2NRq3 w - - 0 1,qwen25,d7d5,True,False
,1K6/5N2/N7/1k6/8/8/3R4/1Nq3r1 w - - 0 1,qwen25,d7d5,True,False
,2N3q1/3R3P/1b6/2B1B3/2BKb3/q2N4/1b3k2/N4Q2 w - - 0 1,qwen25,d5d4,True,False
,5q1Q/2b1qr1b/p1N2q1N/3p2pB/kN3R2/P4P2/P4q1p/1r1Kqrn1 w - - 0 1,qwen25,h7h8q,True,False
,6q1/3N3N/6p1/2n3n1/5QRK/1b1P1P2/2r1B3/1N1Brk2 w - - 0 1,qwen25,d2d4,True,False
,B1K3n1/2Q5/3b1bQ1/n6Q/rk2b3/2p1q3/2rq4/rr1B1B2 w - - 0 1,qwen25,d5d4,True,False
,3K1b1Q/6r1/8/8/8/1n6/N4R2/1k3R2 w - - 0 1,qwen25,d7d5,True,False
,3QN3/NKk1r2q/4Q3/8/1bqr3B/Np6/n2q3q/2q4n w - - 0 1,qwen25,d5d4,True,False
,3Q4/1B6/Q7/7P/8/4k3/2KB4/1Q4n1 w - - 0 1,qwen25,d7d5,True,False
,4B3/3P4/2bB4/3n1Q1p/1p2k3/QB2Q1K1/6N1/3B2B1 w - - 0 1,qwen25,d5d4,True,False
,4N1Qb/5P2/n1bQ1R2/K3r3/8/6b1/8/k2N1rb1 w - - 0 1,qwen25,d5d4,True,False
,1R6/1rn4P/Qn6/1K5Q/1P6/n7/1nk5/5B1r w - - 0 1,qwen25,d7d5,True,False
,N5Qr/8/8/bQ2K2R/B7/2k4n/1Q1r2r1/8 w - - 0 1,qwen25,b7b6,True,False
,1B6/2K1b3/P7/8/8/Q2k1BN1/4q3/5b2 w - - 0 1,qwen25,d7d5,True,False
,8/n2PrB1Q/4QBK1/2nP4/3k4/6QR/8/4BQ2 w - - 0 1,qwen25,d5d4,True,False
,4r3/bR6/3B4/1k1Q4/2K5/8/5R2/8 w - - 0 1,qwen25,d5d4,True,False
,1n3q2/2pKkN2/2n2NB1/N7/3NN3/q6p/7N/6Rn w - - 0 1,qwen25,d5d4,True,False
,1Q2rRqk/1bRrp3/1n3p2/4Rb2/P5b1/N1KQ4/2Q5/q2N4 w - - 0 1,qwen25,d7d5,True,False
,b2N1r2/3nrbk1/1BnKr3/7p/3b2Q1/1R2N3/7n/Q6q w - - 0 1,qwen25,d7d5,True,False
,3B4/8/8/5b2/K2B1Q1Q/2n5/7k/8 w - - 0 1,qwen25,d5d4,True,False
,rrQ5/2k5/3B4/rp6/8/1P3K2/2pn4/8 w - - 0 1,qwen25,d7d5,True,False
,5rN1/p3nr2/8/1Rpn2K1/3BRPN1/k1r3P1/7P/1q1q4 w - - 0 1,qwen25,d5d4,True,False
,n1Q1n3/1BN4R/1K1b1P2/PQ1b3k/B2q4/2r4r/1PNRR3/3R1b2 w - - 0 1,qwen25,d5d4,True,False
,1q1R1BQ1/3rp3/2n5/p7/1RRN4/6b1/1K4r1/4R1kq w - - 0 1,qwen25,d7d5,True,False
,1K1R2k1/R7/5q2/2Q5/3Q1bR1/8/4b3/3nN3 w - - 0 1,qwen25,h7h6,True,False
,b3K2q/5B2/6P1/1B2Q1n1/1B6/3pp3/1Q1Q2r1/3k4 w - - 0 1,qwen25,d5d4,True,False
,Rk6/8/P7/7P/8/5P2/P3r1K1/6R1 w - - 0 1,qwen25,h7h8,True,False
,2n5/P7/8/6KP/2b3Q1/4q3/2pp1k1b/N3R3 w - - 0 1,qwen25,d7d5,True,False
,4R3/nn2P3/3P4/2Qq2K1/3qk3/2r2Nbr/NPN2q1P/4n1b1 w - - 0 1,qwen25,d5d4,True,False
,8/6Q1/8/4P3/5p2/2BK4/6k1/4n3 w - - 0 1,qwen25,d5d4,True,False
,1n5n/1n1R4/2n2P2/2q1P3/2n1R2K/5k2/8/8 w - - 0 1,qwen25,d2d4,True,False
,2k5/8/6P1/3KrnbP/5P2/8/R1R4N/8 w - - 0 1,qwen25,d5d4,True,False
,5qk1/2B5/3Krb2/8/6p1/4PpR1/6q1/r1bB4 w - - 0 1,qwen25,h7h5,True,False
,7r/b1RP2K1/1P3n2/7n/8/6kQ/8/3B2N1 w - - 0 1,qwen25,d5d4,True,False
,7B/kP6/7N/3n2n1/1P6/p7/1R6/Q4K2 w - - 0 1,qwen25,d5d4,True,False
,2q1N3/2R2Bp1/2r5/6k1/6p1/3K4/8/8 w - - 0 1,qwen25,d2d4,True,False
,8/1k1B4/2br4/p2B3K/B2RRQ2/1r1rn3/3R4/Q6r w - - 0 1,qwen25,d5d4,True,False
,7B/3Q4/1k1P4/5N2/5n1R/1K4N1/p1qr2P1/3QQ2b w - - 0 1,qwen25,d5d4,True,False
,6q1/K5Q1/8/2b4k/8/1pB4R/qr6/6r1 w - - 0 1,qwen25,h7h6,True,False
,3R4/4rR2/Q5Q1/1b6/3PK3/PR6/1n1k1N2/2q1q2q w - - 0 1,qwen25,h7h8q,True,False
,4nB2/3R4/5Pb1/2p5/5K2/1Q6/1n2B3/3k4 w - - 0 1,qwen25,d2d4,True,False
,2k2b2/4q1QN/5Q2/q6n/Kqb5/2b2P1q/1n3B2/6Q1 w - - 0 1,qwen25,d5d4,True,False
,2Q4Q/2r5/1N1q3B/2b5/P2k2NP/bpq4b/P1b5/1K5q w - - 0 1,qwen25,d7d5,True,False
,8/6Kp/1q1n1n2/5Rk1/n7/4p3/8/3R4 w - - 0 1,qwen25,d5d4,True,False
,4n3/pNk3QQ/3qK3/qB2R1BP/7P/7n/1PnR1b1N/1nQ5 w - - 0 1,qwen25,d5d4,True,False
,5R2/2P3qR/B6R/1P3B2/2pQ3R/b1p1K2P/Rkn5/2Rr1q1q w - - 0 1,qwen25,h7h5,True,False
,3N2qQ/3b3N/8/5n2/1KQ5/8/6Q1/4kb2 w - - 0 1,qwen25,d5d4,True,False
,2B1R3/1K6/n4N2/8/2k1p3/1N2N3/2b4Q/1Rn1b1N1 w - - 0 1,qwen25,d5d4,True,False
,5QN1/1BK4P/pq1P4/8/3p2PQ/k3Q1b1/1PRR3q/2Nnnr2 w - - 0 1,qwen25,d7d6,True,False
,1R5k/5n2/2Qrnp2/KQ1N4/6pQ/2QNq2N/5N2/r5Q1 w - - 0 1,qwen25,d7d5,True,False
,5r1N/3b1B2/3q1k1K/2r3q1/3q4/4rq1P/1q6/8 w - - 0 1,qwen25,d7d5,True,False
,8/3QR3/3b2K1/4BBB1/Rp1Q2RB/1p1Rb2Q/1Pn2b2/5kn1 w - - 0 1,qwen25,d2d4,True,False
,RRr1rR2/P1Q3n1/1p4P1/8/3K4/8/3Rkb1r/2Q3n1 w - - 0 1,qwen25,d2d4,True,False
,3NB3/b1p5/3k2pR/n1pR4/2Q5/n1p2R1p/5q2/NQ1QbBK1 w - - 0 1,qwen25,d5d4,True,False
,1R1R4/3n4/r7/2q5/3QP3/2q3kr/2K3r1/8 w - - 0 1,qwen25,d5d4,True,False
,2BQ2q1/R2K3r/7r/1B1Q1B1Q/3QPPP1/8/1nN2R2/3B3k w - - 0 1,qwen25,d5d4,True,False
,4kBb1/1K1R4/nR2nP1P/P7/6Pr/5bb1/2b2p2/bnQ1q3 w - - 0 1,qwen25,d2d4,True,False
,5bQ1/5P2/8/5N2/q4K2/4k3/8/8 w - - 0 1,qwen25,d2d4,True,False
,1Q1r4/1n2pn2/1q2p1NQ/4n3/q4P1k/1b2N3/2B1p3/2q1n1K1 w - - 0 1,qwen25,d5d4,True,False
,8/7q/k4B2/1R6/7N/5b2/QQ2P3/K5b1 w - - 0 1,qwen25,d2d4,True,False
,4r3/p1k5/5Q1R/8/5KNq/8/5N2/2b5 w - - 0 1,qwen25,h7h6,True,False
,7N/1K6/2rP1r1p/1QP1kn2/4Bn2/R2q1PBq/qB1pn3/8 w - - 0 1,qwen25,d5d4,True,False
,K1QB1Rk1/qr4R1/1PP5/2P5/1r1B4/3NPp2/4N1B1/2q1NN1r w - - 0 1,qwen25,d5d4,True,False
,1rQB4/K6n/2r2p2/Q2Rn1k1/2Q1r3/r7/2B5/B6r w - - 0 1,qwen25,d5d4,True,True
,2B5/2Q4q/3q4/2P2bBp/2Q2nb1/3k4/1K5Q/8 w - - 0 1,qwen25,d5d4,True,False
,2K5/8/4kp2/2q4R/8/1Q2Pr2/4p1N1/5N2 w - - 0 1,qwen25,d7d5,True,False
,3N4/5kr1/5n2/6R1/5r1R/2nQ2P1/6KN/4q3 w - - 0 1,qwen25,d2d4,True,False
,3N4/P4q2/KP2P3/4r3/1B2N1R1/1r2Q1N1/5k1r/3n1Rb1 w - - 0 1,qwen25,d2d4,True,False
,2q1B1q1/5n2/6N1/N2k4/3n1rN1/KQ5p/1n4q1/n1b2R2 w - - 0 1,qwen25,d2d4,True,False
,6q1/Pn2rQr1/K2b2B1/2pR1pk1/1R3R1b/5bQ1/2r2B1q/r3Q1N1 w - - 0 1,qwen25,h7h5,True,False
,4k3/5q2/8/8/NN6/2rN3p/8/4K3 w - - 0 1,qwen25,d2d4,True,False
,3Q4/2qkn3/1b1RPB2/3q4/K2P3n/5P2/p7/8 w - - 0 1,qwen25,d5d4,True,False
,5R1R/4B1rn/8/3P4/nb2N3/5k2/1B2b3/2Q1BK1b w - - 0 1,qwen25,d5d4,True,False
,5n2/3K4/q7/8/7k/r1P5/3r4/1N6 w - - 0 1,qwen25,h7h6,True,False
,1N3Rb1/6qP/Bpn2N1P/Pn1n4/Q2k4/1B2q3/1rpK4/b6Q w - - 0 1,qwen25,d5d4,True,False
,n7/Q1N5/bp1q1p2/1bq1Q3/3K3R/1q1k1p2/4q3/4Nr2 w - - 0 1,qwen25,d7d5,True,False
,R6R/3k3p/3q1pB1/4K3/N5b1/N6n/4P2p/q4b2 w - - 0 1,qwen25,d7d5,True,False
,1N6/n1q4P/K2r1P1R/3Q4/3N1krB/8/8/8 w - - 0 1,qwen25,d5d4,True,False
,8/2P2b2/5R2/3p4/8/8/5n2/2K3k1 w - - 0 1,qwen25,d5d4,True,False
,1QNR4/6N1/KrBN2pQ/nbr4R/bR6/5kRQ/3q3N/2q5 w - - 0 1,qwen25,d7d5,True,False
,rB2KBQ1/Br2b1q1/8/3q4/rQ1Pn2p/3P1N2/kb4B1/3r2Q1 w - - 0 1,qwen25,d5d4,True,False
,1b4R1/1p6/2B1p1R1/3P1B2/4pP2/3P2R1/Q1b2K1N/3k1n2 w - - 0 1,qwen25,d5d4,True,False
,7r/5Kkb/5p1n/2N5/7p/4bn2/1B3B2/3N3R w - - 0 1,qwen25,d7d5,True,False
,4B1n1/7k/3B2b1/r7/2r1nn2/P1qP4/QP3Q2/3nB1qK w - - 0 1,qwen25,d5d4,True,False
,bQ1b4/1pB1K2P/qRr5/3B1k2/1b1n4/2bQn1R1/5NqB/r4qQ1 w - - 0 1,qwen25,d7d5,True,False
,8/q5bB/2N2b2/R1BPR1Np/2K3b1/1PQ3p1/1k1rR2q/3q1b2 w - - 0 1,qwen25,d5d4,True,False
,3K4/8/3b4/Q7/8/1k5n/1B4B1/7b w - - 0 1,qwen25,d7d5,True,False
,4q3/1B3K2/7B/P1b2R2/2r1b3/8/5b2/1B1n3k w - - 0 1,qwen25,d5d4,True,False
,nbr3b1/5p2/3KRq1k/4P2q/1pN2q2/8/P7/8 w - - 0 1,qwen25,d5d4,True,False
,1N2r2b/4p1nP/2bN1r1B/B6R/2Kb2k1/N1Q3qr/8/1R6 w - - 0 1,qwen25,d5d4,True,False
,8/2k5/1K6/2n5/4qr1R/8/8/8 w - - 0 1,qwen25,d2d4,True,False
,2R3k1/q3K3/8/2N5/1B5b/2pP4/p7/NN2NB2 w - - 0 1,qwen25,g1f3,True,False
,3nb2N/8/1K4q1/1r5n/8/2kN4/8/3QQ3 w - - 0 1,qwen25,d7d5,True,False
,1R2R3/1br2R2/2r1K2Q/2b2RN1/nq3r1p/1Q2Q3/2p1p1Nn/3qk3 w - - 0 1,qwen25,d5d4,True,False
,1N5q/3NPKq1/8/1rB5/2p1kb2/1P1p1NP1/5B2/8 w - - 0 1,qwen25,d2d4,True,False
,R3qB2/7r/5K2/8/1P3NPP/1r3q1Q/6N1/3Rk1b1 w - - 0 1,qwen25,h7h5,True,False
,NR1bB3/3Q3Q/1R2N3/3NN3/Kk1q4/4P2p/1P3q2/5R2 w - - 0 1,qwen25,d2d4,True,False
,3R4/1k6/8/2bP3Q/8/R2q4/3p4/6K1 w - - 0 1,qwen25,d5d4,True,False
,6B1/8/8/1N6/7r/3k4/8/3K1q2 w - - 0 1,qwen25,d5d4,True,False
,N2Qn3/6n1/4qQ2/pQ1b2k1/1n3B2/2bR3K/n1pp3p/1B2R3 w - - 0 1,qwen25,d5d4,True,False
,n1q5/3q4/B7/Q1k1B3/1P5P/b5K1/1bqb2b1/8 w - - 0 1,qwen25,d5d4,True,False
,r3r3/6n1/1k1p4/2K3r1/3Pq3/8/7Q/8 w - - 0 1,qwen25,h7h5,True,False
,2q3r1/3BBK2/bP3ppp/3P4/b3R3/np4R1/1k3bq1/1R6 w - - 0 1,qwen25,d5d4,True,False
,8/1Kn3B1/1R1p4/k7/8/3P1n2/2N4R/rR1Q4 w - - 0 1,qwen25,d5d4,True,False
,1b1q3R/6N1/8/N4K2/8/8/1kb1B3/8 w - - 0 1,qwen25,d5d4,True,False
,8/q7/1r4b1/nqB5/1N3r1q/1R2R1N1/8/Kb2k3 w - - 0 1,qwen25,d5d4,True,False
,N6n/4b3/B3RnPr/6Q1/Bn6/2rbNR1k/5np1/1qK1Bqq1 w - - 0 1,qwen25,d7d5,True,False
,2b1rq2/3Q1Pr1/3N4/2k5/p2N2q1/N2K1R1R/8/1BR5 w - - 0 1,qwen25,d7d5,True,False
,r1Nqq3/1r3r2/4n1r1/2k5/Q3r2P/1B3P2/n5P1/2Q1K3 w - - 0 1,qwen25,d2d4,True,False
,1N3rb1/3B4/2B3Pk/7r/1Q1nq3/3K4/3B3Q/3N4 w - - 0 1,qwen25,d5d4,True,False
,3b4/2n3b1/5K2/2b5/2B5/1qq1Bkn1/P1P3b1/4Q3 w - - 0 1,qwen25,d2d4,True,False
,8/8/5q2/4k2N/8/2K5/4n3/6n1 w - - 0 1,qwen25,d7d5,True,False
,6kn/2pQ4/B5bR/p2P3K/8/2p5/P2r2Q1/4b3 w - - 0 1,qwen25,d7d5,True,False
,1n3Knr/3p1B2/4B2R/1kr2P2/8/6pr/5q2/4Q2R w - - 0 1,qwen25,d7d5,True,False
,2r1qN2/2qk2q1/6q1/1R4N1/r7/3K1P1P/pRb5/Nb1n4 w - - 0 1,qwen25,d5d4,True,False
,2B3K1/p1QB2bp/5r1k/r7/B1Q5/1B2p2q/5N2/1Q3B2 w - - 0 1,qwen25,d2d4,True,False
,2bNN3/6K1/r2p1bb1/P5q1/1N4kR/1r3r1b/8/2qr1Q1N w - - 0 1,qwen25,d7d5,True,False
,4Rr1n/1n1r4/3K4/1R3b2/Br3qk1/6q1/2q1P3/3q4 w - - 0 1,qwen25,d5d4,True,False
,K7/pk4q1/2qP4/2B1P2n/B2p3Q/1Q6/8/1qr5 w - - 0 1,qwen25,d5d4,True,False
,1Q4n1/2p5/p5Q1/6n1/N1bn3K/2b1k3/5n2/7b w - - 0 1,qwen25,d8d7,True,False
,4rq2/4QN2/7n/R3P3/1KP1NbNB/NN2kr1N/N7/1q5B w - - 0 1,qwen25,d5d4,True,False
,n3qR2/7R/3R2q1/1q6/bkQ4n/1R1p1N2/Q3N1R1/K6r w - - 0 1,qwen25,d5d4,True,False
,2Q5/8/2qk1pN1/2P3P1/6b1/K1B5/1N2b1q1/3R4 w - - 0 1,qwen25,d5d4,True,False
,RN2QQ2/4r3/BR2B2N/1R1k3q/1n2RK1R/1N6/1Q1Q4/bN3qB1 w - - 0 1,qwen25,d5d4,True,False
,3nK3/R1R5/5N2/4nnk1/3Q4/B7/4p3/BB1n1qbQ w - - 0 1,qwen25,d5d4,True,False
,5K2/1qN1P3/2k3n1/1qrq4/1p6/2b2n1b/2Pr4/5r1n w - - 0 1,qwen25,d2d4,True,False
,8/Q2P4/1BN4N/4K3/r7/2q2nP1/1B6/k6N w - - 0 1,qwen25,d5d4,True,False
,n3k2n/8/4K3/2r5/P5Q1/8/nq1Np2P/8 w - - 0 1,qwen25,d5d4,True,False
,2b3Qb/8/2qk4/3q1R2/1pb1K3/6p1/2r5/3N4 w - - 0 1,qwen25,d7d5,True,False
,4r3/p7/1RqrN3/7p/2r1nKpn/2R5/2b3B1/3Bk3 w - - 0 1,qwen25,h7h6,True,False
,3r1k2/8/8/7q/3Q4/7p/6B1/2K5 w - - 0 1,qwen25,h7h5,True,False
,8/r5k1/8/8/8/1K1nn3/1q6/8 w - - 0 1,qwen25,d2d4,True,False
,1Nbk1q2/r4Pn1/8/2P5/1rPQ1Rb1/8/RK4R1/8 w - - 0 1,qwen25,d2d4,True,False
,5Kk1/4bQ2/R6b/Q3r3/3r1q2/7P/r3N3/6B1 w - - 0 1,qwen25,h7h5,True,False
,8/8/2Bp2R1/P2K4/R4q2/N2Q1k2/B1B2n2/2N5 w - - 0 1,qwen25,d5d4,True,False
,5R1B/4N3/2b5/8/3N4/Q1r2k2/8/1Kr5 w - - 0 1,qwen25,d5d4,True,False
,1r1B4/8/1R6/8/3K4/4k3/2P1B3/8 w - - 0 1,qwen25,d2d4,True,False
,8/2R5/3n2n1/3p4/2p4N/1K3Q1k/2b5/2Q5 w - - 0 1,qwen25,d2d4,True,False
,q3R2n/7q/7n/K3R1k1/8/4p3/6PN/n5b1 w - - 0 1,qwen25,h7h5,True,False
,Q7/3n4/4Qb2/K6B/Bq1Q4/2R1b3/7p/1k6 w - - 0 1,qwen25,d5d4,True,False
,5N1n/n4k2/8/6N1/N7/8/2P1b3/3K4 w - - 0 1,qwen25,d5d4,True,False
,b7/Q1p1K1b1/Q5nB/B6N/1Q2b1BR/1r6/RN5p/B2q2kn w - - 0 1,qwen25,d7d5,True,False
,QQ2qQ2/N6R/1B6/2K3q1/8/8/8/1kQ3q1 w - - 0 1,qwen25,d5d4,True,False
,N1k5/5n1q/1B5n/1K1q3P/4p1N1/5Q2/6r1/2b3r1 w - - 0 1,qwen25,d5d4,True,False
,6q1/5n2/5k2/4K3/6N1/N7/Q5B1/8 w - - 0 1,qwen25,g1f3,True,False
,3Q2k1/2n1r3/1P6/B5b1/3pK3/8/1q6/n4B2 w - - 0 1,qwen25,d7d5,True,False
,1K2R3/7r/2k5/1rQ1QR2/1R5N/4bB2/4B3/3Q4 w - - 0 1,qwen25,h7h6,True,False
,2Q5/1B3K2/1bk1P2p/p7/8/6r1/n2n1qR1/Q7 w - - 0 1,qwen25,d7d5,True,False
,K1b2b2/5B2/2nP4/2P2Qn1/2BR4/1P6/1b2r3/1nk5 w - - 0 1,qwen25,d2d4,True,False
,k7/8/3b4/8/1qb5/4b1q1/6K1/4b3 w - - 0 1,qwen25,d5d4,True,False
,3b2N1/2R2K2/2rPN3/3qb3/4Q3/1k1bR3/3N3n/1Q4B1 w - - 0 1,qwen25,d5d4,True,False
,1kR4b/4qnQ1/4N1Q1/1Pn3B1/2r5/5b2/2R1N2K/1B4B1 w - - 0 1,qwen25,d7d5,True,False
,R1Qq4/2n1N2R/qKQ2P2/1k4r1/5B1q/3Nr3/p2Q4/Q7 w - - 0 1,qwen25,d2d4,True,False
,8/4Pbrq/1Bk3q1/6Qn/r3Qb2/1p2P1r1/2K5/1Rq5 w - - 0 1,qwen25,d7d5,True,False
,6r1/5K2/4P1kp/6p1/6rN/6q1/3R2Q1/1N3b2 w - - 0 1,qwen25,d7d5,True,False
,5NR1/1rp1R3/3k1R2/1p6/1K1r1r2/1r2n1rR/nn6/1R5N w - - 0 1,qwen25,d7d5,True,False
,3k1B2/1r6/b5Pr/qN1p2PR/1R2P2N/2Kq4/P1bNQ2Q/B3r3 w - - 0 1,qwen25,d5d4,True,False
,1r6/2K5/8/1R6/1B4k1/7b/8/1q6 w - - 0 1,qwen25,d5d4,True,False
,2k1R3/7p/7n/3B1q2/3K4/8/B7/4r3 w - - 0 1,qwen25,d5d4,True,False
,5Q2/8/1rBp3r/4p3/4k3/3n3N/8/5K2 w - - 0 1,qwen25,d7d5,True,False
,2B4R/Q3N3/P4P2/8/8/q5K1/1B1r4/5Qk1 w - - 0 1,qwen25,d7d5,True,False
,1R1r4/2Q4N/2R4K/6r1/pb2Pk2/2R2rB1/1nq2Q2/8 w - - 0 1,qwen25,d5d4,True,False
,8/3Q2b1/1r6/2q2K1Q/7q/3p3N/n1k5/4q2Q w - - 0 1,qwen25,h7h5,True,False
,8/2kb3P/1B3n2/Q4N2/1p1q1n2/1qK3B1/2p1QbrB/N5nN w - - 0 1,qwen25,d5d4,True,False
,q1Qbn3/2B1n1rk/8/1R4R1/1PKq1q2/3B4/3n4/6R1 w - - 0 1,qwen25,d5d4,True,False
,2r3K1/q3q3/3B4/4p2P/1bR5/bb1pp3/1b1q1R1b/k4bBB w - - 0 1,qwen25,d7d6,True,False
,1Q4R1/bpp2n2/1Nk1N2q/5Qn1/8/1pp2b1q/q1KQ4/NB2r2N w - - 0 1,qwen25,d7d6,True,False
,R1kQ4/1p3P1K/2Q1Q3/2b5/5b2/3Q4/1Q6/7R w - - 0 1,qwen25,h7h8,True,True
,5N2/6r1/1bR1r3/5q2/1N2k1N1/q6b/1p4K1/2b4Q w - - 0 1,qwen25,d7d5,True,False
,8/6R1/1rQ2R2/4k2r/N5p1/5ppb/R2p2Kn/5q2 w - - 0 1,qwen25,d7d5,True,False
,krr2R2/r7/1Nq1RrNp/Q2b1B2/7K/2B2N2/p3rqp1/1q6 w - - 0 1,qwen25,g8f6,True,False
,3Q2K1/1nPr4/2Pk2N1/2Rn2p1/7R/2N5/3R4/N7 w - - 0 1,qwen25,h7h8,True,False
,8/1bk1NR2/qQQR3p/B5nR/8/3RQ2R/1b4nb/K4Q2 w - - 0 1,qwen25,d7d5,True,False
,q5RK/2N1P1B1/1N2nR2/6N1/3b2k1/1pb5/5B1r/1R2R1qQ w - - 0 1,qwen25,d7d5,True,False
,4Q3/4KNRN/2p5/8/4r3/8/P1r2k2/8 w - - 0 1,qwen25,g7g5,True,False
,qk6/4r2P/3r1n2/2q2b2/1p5b/qb3RK1/6Q1/Q3nB2 w - - 0 1,qwen25,d7d5,True,False
,8/7K/B2P1k2/2r5/2qB3q/8/4B1r1/8 w - - 0 1,qwen25,d5d4,True,False
,2r2r2/4nQ2/NN1R4/5NK1/3k1pP1/3P4/3r1R2/3b2b1 w - - 0 1,qwen25,d2d4,True,False
,1Rr1q3/1nn5/8/3nqb1n/1Qn5/kqb3Q1/1P2K1pr/b4N1N w - - 0 1,qwen25,d7d5,True,False
,q1Q2k2/8/8/3b4/7K/2R4B/6b1/2R5 w - - 0 1,qwen25,d7d5,True,False
,4R3/1Pk2B2/5Pq1/nn2PKp1/6n1/N1n1QBp1/1N3q1Q/8 w - - 0 1,qwen25,d7d5,True,False
,6b1/QP1Q4/7K/1p1Q2q1/2Q1r3/3k2NN/5n1P/2r2R2 w - - 0 1,qwen25,h7h5,True,False
,7Q/4k3/8/8/5N2/K2b4/2b5/3NQ3 w - - 0 1,qwen25,d2d4,True,False
,2B5/RKB2R2/4r1k1/1qB5/2B1B3/3R2pR/3b4/n3Bb2 w - - 0 1,qwen25,d7d6,True,False
,5K2/8/3rB3/6kq/5q2/8/2R5/6b1 w - - 0 1,qwen25,h7h5,True,False
,R2r1R2/N4R1K/1b4pP/2RP3b/3q2kP/5n2/pN3bbQ/2N3b1 w - - 0 1,qwen25,h7h6,True,False
,6N1/3r4/8/8/4R3/4Q3/3P2kR/K6q w - - 0 1,qwen25,g7g8q,True,False
,3B4/1n1K1n2/8/6B1/8/7Q/6B1/r5kb w - - 0 1,qwen25,d5d4,True,False
,1K5Q/4B2n/1b3B2/Bpb1pp1k/7P/5b2/b1R3P1/1q1NQ3 w - - 0 1,qwen25,d2d4,True,False
,3n4/4n1B1/8/1k4bK/1r4Rb/4R3/P2B3P/1Q6 w - - 0 1,qwen25,d5d4,True,False
,1R1nr3/B1P3P1/K3k3/4p3/b5q1/7r/2b1Nn2/8 w - - 0 1,qwen25,d2d4,True,False
,q2N3Q/1K4pk/2r2P1P/8/8/1b1b3R/3b4/7N w - - 0 1,qwen25,d5d4,True,False
,2R1qQk1/5QR1/1pKr4/2BP2r1/1p5Q/5R2/3r2P1/3R2r1 w - - 0 1,qwen25,h7h5,True,False
,8/8/8/N1kb2R1/3BbP2/1r4K1/q2R4/3RR3 w - - 0 1,qwen25,d5d4,True,False
,2R4K/2q5/8/4pR2/6r1/4k3/8/4b1n1 w - - 0 1,qwen25,h7h5,True,False
,B2r2b1/b1Nk2q1/8/R5R1/N4bPr/q4P2/3r3r/1N1K3n w - - 0 1,qwen25,d5d4,True,False
,2rn4/3Bkq2/1qQ5/1B6/P4q2/3Q2Qq/8/1R3K2 w - - 0 1,qwen25,d5d4,True,False
,4b1K1/3q4/Rn2P2P/4PR2/6P1/2k3N1/7p/1n3B1N w - - 0 1,qwen25,d5d4,True,False
,8/b5r1/1R1QR3/2P2R2/3N2kQ/B2K3b/P7/2B2r2 w - - 0 1,qwen25,d2d4,True,False
,r3Q1Qq/1qK5/q1RN2q1/5rR1/3kr3/8/RP1bB1nq/1R2rR2 w - - 0 1,qwen25,h7h5,True,False
,RQ4b1/P5P1/4n1r1/P1qRk3/1N3b2/5KN1/8/8 w - - 0 1,qwen25,d2d4,True,False
,2qb4/5K1k/qP5B/2n5/1R2Q3/3q4/2qp1b2/r6r w - - 0 1,qwen25,d7d5,True,False
,4RrNQ/6Kr/k6q/Pb5Q/1PBP2n1/4Qb2/8/1N6 w - - 0 1,qwen25,h7h6,True,False
,1qr2r2/q1P3BP/1B6/8/k1n5/pK1N3b/2n2br1/6B1 w - - 0 1,qwen25,d2d4,True,False
,3Q2r1/2Q1n3/1Br5/1b1Bp3/R1R4k/2p3Qn/N2q4/r4K1Q w - - 0 1,qwen25,d7d5,True,False
,4knr1/8/8/4N3/n3K3/6R1/8/5N2 w - - 0 1,qwen25,d5d4,True,False
,6k1/4K3/7R/8/2P2B2/P1P3B1/8/4R3 w - - 0 1,qwen25,h7h5,True,False
,7N/1R2n2P/qn4b1/2KbQ3/N3Q1B1/2R1nq2/BRn3p1/2kn1Br1 w - - 0 1,qwen25,d5d4,True,False
,4Q3/4K3/1k1n4/6Nr/8/8/P1B4P/8 w - - 0 1,qwen25,d2d4,True,False
,qKqR2QR/3Rq3/4bP2/5rq1/3Q4/1r6/1r2R1n1/4b1k1 w - - 0 1,qwen25,h7h5,True,False
,6r1/6b1/1B1b3r/r4N2/1N4P1/p2k4/BN5q/1qnK4 w - - 0 1,qwen25,d7d5,True,False
,1kQ5/8/4K1r1/5bn1/5Q2/1B6/8/1B6 w - - 0 1,qwen25,d7d5,True,False
,4k2N/8/N4p2/4N3/p1q1b3/1R6/3q3b/4K3 w - - 0 1,qwen25,d5d4,True,False
,3N1r2/N1R1rP2/pBRK4/R1k2R1R/6B1/r1B1n3/8/8 w - - 0 1,qwen25,d5d4,True,False
,2N5/4B1rq/3b1p2/1Bq1Krp1/4rn2/1p6/3nk3/R3R3 w - - 0 1,qwen25,d2d4,True,False
,1n1K1kq1/5p1p/7n/5R2/N3QrN1/2Br3N/3N1N2/3N1n2 w - - 0 1,qwen25,d5d4,True,False
,3q4/4bN2/2qKB3/2P1n3/8/8/Qk6/8 w - - 0 1,qwen25,d5d4,True,False
,n2B1Q1B/4n3/8/1kr2Pq1/1b3Qp1/2nR1K2/4pb2/1N1rR3 w - - 0 1,qwen25,d5d4,True,False
,kRN3n1/1P1q2N1/8/3P4/PRR4q/r4q1q/1R6/1K1n1b2 w - - 0 1,qwen25,d5d4,True,False
,qbK3k1/Q1Pb2n1/8/5b2/5R2/1b6/7n/1q2q3 w - - 0 1,qwen25,d5d4,True,False
,1b3n2/5k2/8/Q2Q4/8/7R/8/5K2 w - - 0 1,qwen25,d2d4,True,False
,4Q2B/6B1/n2Q1N2/7K/4R2q/n3Qp2/8/1k4N1 w - - 0 1,qwen25,h7h5,True,False
,2r2B1q/4b2k/q7/n3r3/b2K4/8/RR5Q/1q3qb1 w - - 0 1,qwen25,d5d4,True,False
,5n2/q1R2bbp/7r/1qq2b2/p3Q3/4r1n1/r3Qr2/1K1b1k2 w - - 0 1,qwen25,d5d4,True,False
,8/8/1p1R4/2K5/1p6/5R2/q3k3/3q4 w - - 0 1,qwen25,d2d4,True,False
,2r5/4Q2b/1k6/8/1K5R/R3R3/5N2/4qQ2 w - - 0 1,qwen25,h7h5,True,False
,Br4R1/8/2nN4/5k2/2NK4/N1p4B/5b1R/1n6 w - - 0 1,qwen25,d2d4,True,False
,1N6/1k4n1/1B6/B2R1nN1/3nn3/3P1P2/Kq2q1Rq/5nr1 w - - 0 1,qwen25,d2d4,True,False
,3q4/b6B/8/4kN1b/2P2bKq/3n1N1P/8/8 w - - 0 1,qwen25,d7d5,True,False
,5k2/2B5/1N1R4/8/1P6/6K1/1p4Q1/B1R5 w - - 0 1,qwen25,d7d5,True,False
,1QR1qb2/3r4/3B1NNp/8/4K2B/5r1k/5N1b/8 w - - 0 1,qwen25,d2d4,True,False
,7r/2n1qp1n/6n1/q1Bk4/4Q1K1/5Q1q/6P1/1Qn1R3 w - - 0 1,qwen25,d5d4,True,False
,1RQQn3/5b2/3q4/7k/3K3p/6b1/N1Pqr1p1/5N2 w - - 0 1,qwen25,d7d5,True,False
,3k4/5n1r/6K1/5n2/1n6/n3n1Q1/6B1/8 w - - 0 1,qwen25,d7d5,True,False
,5R1r/2R1b2K/1P1B1p1P/N2BBRn1/n4n2/1q5N/5q1k/4Q3 w - - 0 1,qwen25,h7h6,True,False
,8/8/3B4/8/5nk1/K6b/3b3r/8 w - - 0 1,qwen25,d2d4,True,False
,1Q4Q1/1p5p/2b5/3q3k/4PrP1/8/1K3P2/1b1R4 w - - 0 1,qwen25,d7d6,True,False
,1k5R/8/1r6/6r1/2r5/5Prn/3q4/5R1K w - - 0 1,qwen25,h7h6,True,False
,8/8/5kN1/K1Q2B2/1n6/6n1/8/8 w - - 0 1,qwen25,d2d4,True,False
,2N2K2/6k1/1q1b2P1/brR5/8/2B1R3/7B/8 w - - 0 1,qwen25,d2d4,True,False
,N6n/q5p1/N2B3R/3BbQr1/7P/1rR5/r1Br4/B2kQK2 w - - 0 1,qwen25,d7d5,True,False
,8/P3R2k/n2N1b1Q/Q1NQPpp1/B2RnK2/8/B7/B7 w - - 0 1,qwen25,d5d4,True,False
,b1B3k1/1B5b/1p2P2b/8/5R1B/5K2/6q1/2b4r w - - 0 1,qwen25,d7d5,True,False
,n4B2/QB2bP2/1r1kP2P/3B1P2/1r3R2/B1R3p1/4K2B/6N1 w - - 0 1,qwen25,d5d4,True,False
,8/3kp3/1B2b1K1/QQ1RB3/4N3/p1P4Q/1Pb5/4n3 w - - 0 1,qwen25,d2d4,True,False
,2K1n2B/2b5/4P2k/4b2R/6B1/3r2q1/R1P1b3/4N3 w - - 0 1,qwen25,d7d5,True,False
,2nRB3/b7/2k2p2/2N3qn/4r3/3P3N/5p1K/6r1 w - - 0 1,qwen25,d5d4,True,False
,2B1b2q/5b2/7b/k5K1/8/8/8/3r4 w - - 0 1,qwen25,d5d4,True,False
,B1n3Q1/3Rk1q1/qB3B2/n7/P4pQ1/1b4b1/1NKBb3/2BB4 w - - 0 1,qwen25,d5d4,True,False
,3q4/Q1R3B1/4kp1N/8/R7/1B4n1/8/6K1 w - - 0 1,qwen25,d5d4,True,False
,b2q4/bP3rk1/B1p5/Prr5/q1r1b2K/2q1p1B1/4n3/1q2Nr2 w - - 0 1,qwen25,d7d5,True,False
,5NR1/1P3B2/n3Nb2/k3BP2/2q3rn/1rQ1PQ1K/2b5/2Q2B2 w - - 0 1,qwen25,d2d4,True,False
,4K3/8/3P4/1Rk5/8/6n1/2b4P/8 w - - 0 1,qwen25,d2d4,True,False
,q7/3p2Q1/4BQ2/2p5/4p3/r3R3/3K4/Q2bk3 w - - 0 1,qwen25,h7h8,True,False
,6q1/8/b6b/kR6/2q1bn2/2r2N2/1P6/qQ2K1r1 w - - 0 1,qwen25,h7h5,True,False
,8/2N3P1/8/3N2P1/8/3Q4/8/3K1k2 w - - 0 1,qwen25,d5d4,True,False
,R7/1qrP4/8/8/kK1q4/8/3R1rB1/8 w - - 0 1,qwen25,h7h5,True,False
,3Qq1N1/N2rb1nB/R1bb4/1q2b1r1/3R1kq1/5R2/1K6/4r3 w - - 0 1,qwen25,d7d5,True,False
,4qn1n/PPk1R3/8/3nr1pN/4B3/4K1rP/6N1/6N1 w - - 0 1,qwen25,d7d5,True,False
,1n1b1NnN/1q2q3/1n3bq1/2kP1q2/2N5/6QN/4KQ2/Rqr3R1 w - - 0 1,qwen25,d7d5,True,False
,4r2q/1pR4p/2p2R2/3b2r1/4N3/1r1B1RKk/B6B/q4b1R w - - 0 1,qwen25,d5d4,True,False
,8/b1r5/nBK3P1/5q2/P7/B1QRBn2/1n1k4/2B1Q3 w - - 0 1,qwen25,d5d4,True,False
,8/5k2/q6Q/3pb3/3Q4/p7/2B1P1KQ/2R2qqn w - - 0 1,qwen25,h7h8q,True,False
,4N1Q1/8/QNK1q3/2P2R2/1q1b4/8/1Q1B1Q1k/8 w - - 0 1,qwen25,d5d4,True,False
,8/2p3P1/6pq/1P6/1k2BR2/4NK1q/bBbP1nr1/1R6 w - - 0 1,qwen25,d5d4,True,False
,1rQ5/8/8/6kP/2b5/2n5/8/K7 w - - 0 1,qwen25,d7d5,True,False
,6R1/7R/3K4/7R/n7/8/2N2P2/5k2 w - - 0 1,qwen25,h7h6,True,True
,2bQnR2/2k2b2/3P4/2R5/2R3K1/2Q5/p3n3/1Bn5 w - - 0 1,qwen25,d7d5,True,False
,4k3/4P3/5R2/r3N3/5B2/8/2K5/1Q6 w - - 0 1,qwen25,d5d4,True,False
,1N3R2/8/2n5/4p3/1kn5/2K5/5pn1/Nb2b1n1 w - - 0 1,qwen25,d7d5,True,False
,3Rq2n/R5r1/3Q3q/7k/3n4/1P6/pq1N1P2/1K2R3 w - - 0 1,qwen25,h8g6,True,False
,n3n3/5PP1/3k4/4r2K/1N6/8/8/R2B2r1 w - - 0 1,qwen25,d5d4,True,False
,nk1N1BQ1/1Q2R3/1b5R/4K2N/4Qb1N/5N2/3n4/3Q4 w - - 0 1,qwen25,d7d5,True,False
,B1bN4/8/N4K2/8/8/7P/8/3k2b1 w - - 0 1,qwen25,d5d4,True,False
,2q2N1N/4q3/1NbB1n2/R1b5/7P/2Rk2R1/1K6/3q4 w - - 0 1,qwen25,d7d5,True,False
,1r4N1/3k4/7b/7P/1Q6/r2bK3/7q/8 w - - 0 1,qwen25,d7d5,True,False
,1Kb1rB1R/6Nb/R2n2N1/8/2P1N1n1/1R4k1/7R/R3b3 w - - 0 1,qwen25,d5d4,True,False
,R2r4/4kn2/4q3/4q3/2QN3N/b6r/R1Q1K2B/2q5 w - - 0 1,qwen25,d7d5,True,False
,3R4/7N/rR1N3P/5Q2/R2k4/BQ3N2/b1r1pP2/5K1N w - - 0 1,qwen25,d5d4,True,False
,2Bb1Qr1/1Np1P1k1/Kp1q4/1r2N1qR/8/8/Q3NR1p/3r1qB1 w - - 0 1,qwen25,d5d4,True,False
,5b2/3r1b2/1B6/3K4/4B3/8/1B1R4/k4RB1 w - - 0 1,qwen25,d5d4,True,False
,4R1Bn/5Q1n/nB5Q/Rr1Np1b1/1n2B3/1K6/3n4/1kr5 w - - 0 1,qwen25,d7d5,True,False
,1r2Bk2/8/8/1R1q4/8/2r4K/8/5Q2 w - - 0 1,qwen25,d7d5,True,False
,3nK1B1/r3B1Pb/8/3B4/1P2k1N1/2Q5/n7/2q5 w - - 0 1,qwen25,d5d4,True,False
,3n4/q1R5/3K4/4P3/1q6/P4kQq/1R6/B5Nn w - - 0 1,qwen25,d5d4,True,False
,3n1n1R/1BQ2q2/3Qp3/P1P1kr2/3Nq2Q/3R2K1/1r1QB2n/3R1Q2 w - - 0 1,qwen25,d5d4,True,False
,3B4/1r5n/4k3/8/6BQ/2K5/1P2N3/8 w - - 0 1,qwen25,d7d5,True,False
,3bkn2/4PQ2/3q1b2/4K3/4P3/6qN/8/8 w - - 0 1,qwen25,d7d5,True,False
,5NrB/7Q/2B1rn2/K1B1b3/2nr1BR1/5P2/Qn1bB3/k2R4 w - - 0 1,qwen25,d7d6,True,False
,nq2Q1K1/1R6/2r4P/2B1N2P/2R5/2Nn2n1/4b1R1/k7 w - - 0 1,qwen25,d5d4,True,False
,3n4/1K3b2/3Q3p/2R5/k2P4/8/BqR4n/5N1b w - - 0 1,qwen25,d2d4,True,False
,1R1k4/4B3/B2Q3n/3b1R1K/NNPp3p/2N5/5p2/2rN2N1 w - - 0 1,qwen25,d7d5,True,False
,4R3/1QQ5/3B4/1BN3Q1/6K1/8/3B4/k7 w - - 0 1,qwen25,d2d4,True,False
,Nq6/b1NK2r1/2rpP2Q/8/1bQkr1Q1/5Q2/1Q1P4/1rq1Nb2 w - - 0 1,qwen25,d7d5,True,False
,3nR1B1/r4r2/2P1p1p1/B1PbQ2R/4P1P1/K3P2n/1p1P4/1b2q2k w - - 0 1,qwen25,d2d4,True,True
,2q5/R1q5/3B4/8/4n3/2K5/N5RR/3k4 w - - 0 1,qwen25,d2d4,True,False
,1B6/k3n2q/3r4/6p1/1r2K3/p7/8/2N5 w - - 0 1,qwen25,d5d4,True,False
,nbR5/3N3k/N5bQ/2B5/5Q2/r1Nq1q2/qN5R/3r1K2 w - - 0 1,qwen25,d5d4,True,False
,8/6P1/8/2N2r1B/1n2k3/6b1/1R2R3/K7 w - - 0 1,qwen25,d5d4,True,False
,2N4q/2b5/3k1N1r/R3K1R1/6B1/b3R1q1/R4b2/7Q w - - 0 1,qwen25,d8h4,True,False
,4K3/1P6/2k3Q1/8/8/8/2b5/2r5 w - - 0 1,qwen25,d2d4,True,False
,7N/5N2/1Q3r2/4pP2/5N1p/4kP2/8/6K1 w - - 0 1,qwen25,d5d4,True,False
,3r2Qq/4p1R1/5r1B/1n2r3/N1K4p/2p3P1/8/2Q1rnk1 w - - 0 1,qwen25,d7d6,True,False
,1Q4K1/2Qn1n1N/p1q5/2Pkb3/4p3/1P6/1B4qp/3b1N2 w - - 0 1,qwen25,d2d4,True,False
,6N1/8/R5Qk/8/4K2Q/5B1q/3p4/8 w - - 0 1,qwen25,d7d5,True,False
,R4b2/2rQb3/2Q5/1q4r1/1K1r1n2/q4R2/1kqBQ1B1/2Q3qB w - - 0 1,qwen25,d5d4,True,False
,3k4/1Rb1R3/3b3Q/6B1/b7/7N/1P2K2r/2b2N1B w - - 0 1,qwen25,d5d4,True,False
,n4Q2/Q3pbK1/5N1r/1Q6/r4B2/b4n2/8/1k6 w - - 0 1,qwen25,d7d5,True,False
,1Q2K1B1/kpP5/8/4bpb1/3Q1p2/6B1/1p2q3/8 w - - 0 1,qwen25,d2d4,True,False
,bN6/6Qk/2q2K2/2qp1R2/2NB4/1q6/4pBr1/bQr4n w - - 0 1,qwen25,d5d4,True,False
,3nB3/5r2/2N1Q1n1/krrR1p1K/4P3/1q6/1N4n1/2N5 w - - 0 1,qwen25,d2d4,True,False
,3R4/k2Q2K1/3N4/2r5/3b2nN/P6P/qpR5/1B1R4 w - - 0 1,qwen25,d2d4,True,False
,q6K/8/N5p1/4k3/8/1N6/8/1B6 w - - 0 1,qwen25,d7d5,True,False
,2B2r2/r1b2N2/8/1n1q2b1/2pK1p2/k7/4N1q1/3b2nn w - - 0 1,qwen25,d5d4,True,False
,8/1q2B3/1kK5/3B4/3Q4/3B2r1/1q6/1n6 w - - 0 1,qwen25,d7d5,True,False
,6R1/b4r2/4Q1Q1/K2b1Rq1/2Bb1q2/k1BN2br/4N3/3b4 w - - 0 1,qwen25,h7h5,True,False
,6k1/N5PB/3N4/8/8/8/2r4b/3K4 w - - 0 1,qwen25,d7d5,True,False
,5K2/b3R3/1k1R2r1/q1nP4/p3N3/q1q1N3/3q4/2r1bN2 w - - 0 1,qwen25,d2d4,True,False
,1N1q2Kn/7B/8/1kb4r/8/4Qn2/8/8 w - - 0 1,qwen25,d5d4,True,False
,8/3k2p1/2KRN3/B5N1/5P2/4r1n1/1Q1BRqQq/1n3b2 w - - 0 1,qwen25,d5d4,True,False
,1Q2kB2/3p2q1/2Q4q/NP2bb2/2K2R2/4P1P1/Q1PQ4/5Q2 w - - 0 1,qwen25,d2d4,True,True
,B4kn1/K7/6b1/8/1n6/B7/8/Q3r3 w - - 0 1,qwen25,d5d4,True,False
,r7/8/7B/8/2nr3K/8/2b5/1n3kb1 w - - 0 1,qwen25,d2d4,True,False
,3r4/3P4/B4qp1/3BKnpP/3P4/4n1B1/1QP4n/bkr2q1b w - - 0 1,qwen25,d5d4,True,False
,2q5/8/8/3P2BB/Rk4b1/1K2Q3/3b4/4n1Q1 w - - 0 1,qwen25,d5d4,True,False
,bN6/2N2n2/1b1qP3/K4P2/3k4/B3Q3/8/2n3N1 w - - 0 1,qwen25,d5d4,True,False
,4B2r/6R1/8/8/4P3/2K5/N7/k1q5 w - - 0 1,qwen25,g1f3,True,False
,2Q2RQ1/1R5K/3b2P1/n5q1/1k1P4/6R1/nR4R1/6N1 w - - 0 1,qwen25,h7h8q,True,False
,N1R2q2/1b6/1Rk2B2/2b1bp2/3K2R1/1Qq1Q2n/8/1n5B w - - 0 1,qwen25,d2d4,True,False
,4K3/7N/5b2/7N/k7/8/8/7b w - - 0 1,qwen25,d2d4,True,False
,1Kn5/5b2/kp5q/6B1/6Q1/b7/1p1r2B1/4Q3 w - - 0 1,qwen25,h8g6,True,False
,1Q1bq3/r3p1B1/RRK1rp1q/R2b2k1/r3N3/8/NQ1R4/3bbQ1r w - - 0 1,qwen25,d5d4,True,False
,8/8/4r1Q1/1p6/8/1n1r4/k3B3/3K2B1 w - - 0 1,qwen25,d5d4,True,False
,Q2rQR1R/Nnk4P/1n2R3/1n3Rn1/2Q5/1B6/N1Rn4/1QK3bb w - - 0 1,qwen25,d7d5,True,False
,2K5/8/2nk4/8/8/PQ2n3/1P6/5q2 w - - 0 1,qwen25,d7d5,True,False
,2b1R3/4r1Qn/2P1B1q1/5P1Q/Bk1pP3/2P5/2Kp4/2Q4R w - - 0 1,qwen25,d7d5,True,False
,q4rN1/p1K2B2/R1Qqpr2/r7/5PR1/2b2Q2/N7/q3k1B1 w - - 0 1,qwen25,d5d4,True,False
,3b1R2/1Q3k2/7n/7b/2K5/2n2p2/B1bR4/3q4 w - - 0 1,qwen25,d7d6,True,False
,7B/1K1Q4/4b3/8/8/4k3/b1p3B1/4Bnr1 w - - 0 1,qwen25,d5d4,True,False
,8/3K4/R4nR1/Q5p1/5k1b/4B3/Pp2n2N/6Q1 w - - 0 1,qwen25,d7d5,True,False
,2N3r1/N2kQ3/p2BnqNp/1K1rR3/1Qr3P1/3RQN2/7r/1B5r w - - 0 1,qwen25,d2d4,True,False
,2k5/K7/3B4/3p4/1R6/8/2P5/B7 w - - 0 1,qwen25,d2d4,True,False
,3kRB1Q/1B6/p7/B3qP1N/2K3pr/8/p6Q/Q2rn3 w - - 0 1,qwen25,d5d4,True,False
,R5q1/8/2rB4/3K4/4b2P/1b3q2/1b2k3/B1Q5 w - - 0 1,qwen25,d7d5,True,False
,8/2n5/q6n/1Kk2n2/1R6/3B4/5N2/7Q w - - 0 1,qwen25,d5d4,True,False
,8/1Bn5/1b1n3R/1R1bk3/b7/P4p1K/2r5/n5N1 w - - 0 1,qwen25,d5d4,True,False
,Q1QQ4/p5q1/5P1B/Q2B1r2/K6P/1N3R2/1k2B3/q3N3 w - - 0 1,qwen25,d2d4,True,False
,8/8/2K5/3Q4/5Bk1/8/2r2Q1R/8 w - - 0 1,qwen25,d2d4,True,False
,B1qR4/6p1/2qPQ3/8/Kk2b2P/1p1PP2Q/1n4r1/1nq5 w - - 0 1,qwen25,d2d4,True,False
,k1N3br/2R1p3/R6B/2b5/Q2pQ3/4NK2/1r5r/2b2Q2 w - - 0 1,qwen25,d5d4,True,False
,2N3B1/Q3p1R1/6K1/NpQk2Q1/3Q1nQ1/2NQ2b1/8/2R5 w - - 0 1,qwen25,d5d4,True,False
,4b3/8/1N2n2N/PP3Pnp/BBp1b1B1/n7/4k1K1/1N4R1 w - - 0 1,qwen25,d5d4,True,False
,5B2/k4P2/6n1/3b2P1/6b1/7K/8/8 w - - 0 1,qwen25,d5d4,True,False
,5Q2/Q4k2/8/1B6/5PK1/1R5q/1bq5/4B3 w - - 0 1,qwen25,d7d5,True,False
,8/1q5n/5B2/pQP1Rb1P/1b1B2k1/4N1K1/1n2rb2/6qN w - - 0 1,qwen25,d5d4,True,False
,N7/5Q2/3R2r1/5PK1/1B4bk/8/1B5p/1N6 w - - 0 1,qwen25,d5d4,True,False
,1R6/1K5b/r2Q4/2qBp2Q/1k3n2/1b2B3/BRBp3Q/5N1Q w - - 0 1,qwen25,d7d5,True,False
,4b3/8/7K/1q6/5k2/8/Pp6/1bn5 w - - 0 1,qwen25,d2d4,True,False
,5nB1/1RK3P1/8/B5B1/3k4/4q3/4b3/8 w - - 0 1,qwen25,d7d5,True,False
,1K6/Q6P/bkn2r2/p7/3q2p1/7b/6p1/3q1R1N w - - 0 1,qwen25,h7h6,True,False
,3K4/4P1n1/7r/3B4/n1B5/qPk5/8/Q7 w - - 0 1,qwen25,d5d4,True,False
,8/8/Bq5K/8/8/3N4/R7/6kR w - - 0 1,qwen25,d7d5,True,False
,b3r3/q3q1N1/4b3/n3Q3/8/k5n1/q1q1K3/4r3 w - - 0 1,qwen25,d5d4,True,False
,2Q4k/3BB3/7R/qP6/8/8/K2n4/8 w - - 0 1,qwen25,h7h8,True,False
,7r/QK1q3r/nB2k1N1/Nn6/1N2r1Q1/8/8/4bq1R w - - 0 1,qwen25,d5d4,True,False
,1br1qN1q/7N/5RKq/2P4P/P3Q3/1B3q2/4QQ2/1bR3k1 w - - 0 1,qwen25,d5e4,True,False
,6R1/3B1b2/PK2b3/2r1Q3/8/pB6/4R1kq/3n2R1 w - - 0 1,qwen25,d7d5,True,False
,1Nq2Q1K/r1r3R1/1p2bN2/8/2Q1Qn2/2Qk2Rp/1r2nQ1N/3B4 w - - 0 1,qwen25,d5d4,True,False
,3r4/6N1/6N1/2NN1B1k/7n/NB6/1n2K3/r5Qq w - - 0 1,qwen25,d8d7,True,False
,3kRb2/5P2/q1P1p3/2q4p/5KP1/bp3QB1/5N2/B6b w - - 0 1,qwen25,d7d5,True,False
,3k1rQ1/8/6b1/5QB1/5b1B/P5qB/1n1KRB2/2bR3N w - - 0 1,qwen25,d7d5,True,False
,8/1P6/NQ3r2/8/5k2/1K3n2/4N3/3r1N2 w - - 0 1,qwen25,d7d5,True,False
,r7/4K3/5n1q/Q2p3n/kN2B1B1/2pn2bq/nr5r/4bNbn w - - 0 1,qwen25,d5d4,True,False
,R3Kn2/1R2N3/2B2P2/2Qrr1P1/3pk3/2P2P2/BP2nB2/2R4b w - - 0 1,qwen25,d2d4,True,False
,8/8/1k6/5b2/1n1K4/3Bb3/7R/5b2 w - - 0 1,qwen25,d5d4,True,False
,8/P7/3P4/7K/r7/b2B4/Bq3Q2/1k1b4 w - - 0 1,qwen25,h7h8,True,False
,2bn4/7P/k7/1Q2pK2/6Q1/r1Rrr2N/Q1Pn3Q/1Bb1B2B w - - 0 1,qwen25,d5d4,True,False
,Q2nr2N/P7/5Qk1/2qn4/1p2R3/1nN1rqb1/8/Kq3Q2 w - - 0 1,qwen25,d7d5,True,False
,1n6/8/1n5k/n7/N3q2K/2b2R2/8/8 w - - 0 1,qwen25,d2d4,True,False
,2n5/7r/K7/5p2/7P/2B5/2B2q1N/q4k2 w - - 0 1,qwen25,d5d4,True,False
,RkNb2NN/1b3qB1/KNRn4/5q2/Pp2Q3/1Q6/1Q6/1B5r w - - 0 1,qwen25,d7d5,True,False
,5kn1/6R1/2P1q2r/1KR2R2/2N5/5rp1/r4B2/6n1 w - - 0 1,qwen25,h7h6,True,False
,rR1N3q/bBkn1b2/B2Bn3/3P4/8/6B1/2B2NN1/1Kb4n w - - 0 1,qwen25,d5d4,True,False
,4n2Q/2qKQ1p1/2N1P1Q1/8/4Q3/3PpQ2/Q2N4/1NrkQ2Q w - - 0 1,qwen25,d5d4,True,False
,5q2/2p4R/2BN3R/5B2/1Q2B3/2PK4/3q4/3QN1kN w - - 0 1,qwen25,h7h6,True,False
,Q3n3/4PN2/p1N3Pk/2R3r1/1pn2B2/P1R1r3/N1n4K/4Bb2 w - - 0 1,qwen25,d5d4,True,False
,r5N1/8/4N3/2b5/6b1/5pR1/4q1K1/5k2 w - - 0 1,qwen25,d2d4,True,False
,8/5k2/p6P/r4n1K/3q4/8/8/8 w - - 0 1,qwen25,d7d5,True,False
,3R3q/1N1P1k2/bb5r/4P3/5n2/r1Br3b/1p6/1qQNq1BK w - - 0 1,qwen25,d5d4,True,False
,8/8/2p1b1kB/8/8/5Q2/5r2/1b1KR3 w - - 0 1,qwen25,d7d5,True,False
,1N3rb1/5r2/1R1R1nQR/1pnKbq2/Nn2k3/4rR2/1b2N3/6Q1 w - - 0 1,qwen25,d2d4,True,False
,7b/n7/2b2b2/8/1N6/R3K3/k2r1p2/8 w - - 0 1,qwen25,d5d4,True,False
,8/8/r5b1/6n1/Q7/1k2p2q/B1K2N2/7B w - - 0 1,qwen25,d5d4,True,False
,1rNrN3/4n2n/p7/K3n3/3qr3/3k2R1/3bp3/7r w - - 0 1,qwen25,d5d4,True,False
,4N3/R3r2P/8/4B3/Np1q1q2/1R5q/5R2/1b4kK w - - 0 1,qwen25,d5d4,True,False
,8/P1B4k/qB6/5qR1/q3R3/4bN1B/bK6/2Bn1Q2 w - - 0 1,qwen25,d7d5,True,False
,2R4b/b3pn1b/p5n1/1qNB4/1k3n2/7K/2B3bp/6RN w - - 0 1,qwen25,d5d4,True,False
,R4B1q/1R6/2R1r1bK/b2bbq1p/2q1BN2/Pn6/2k5/5B2 w - - 0 1,qwen25,d5d4,True,False
,2q1K2k/1N2n2Q/5B2/5R2/5B2/8/6n1/1nQ2Q2 w - - 0 1,qwen25,d7d5,True,False
,3nN3/3N3p/n3p3/3k4/1B1K1b2/8/Q1B4p/5b2 w - - 0 1,qwen25,d2d4,True,False
,b7/3NN3/5r2/2qPk3/3Q3B/Np2BPNp/b3q1K1/8 w - - 0 1,qwen25,d5d4,True,False
,5bR1/pr2n1qp/2P2nkr/3BB3/1P2b1r1/1q6/1n2K1r1/4Q3 w - - 0 1,qwen25,d5d4,True,False
,2Q5/1N6/8/8/8/2n1k2n/K4r2/8 w - - 0 1,qwen25,d2d4,True,False
,1N6/1RKN1P2/b1q2R2/1N6/P6b/1Q2RNr1/3B2k1/1R5R w - - 0 1,qwen25,d2d4,True,False
,8/2Q2bB1/q2B2P1/4n1Q1/3NK3/2N4Q/1Q6/1n1k4 w - - 0 1,qwen25,d5d4,True,False
,3rbB2/P2pk1p1/1B5K/8/1Rp1R3/P1nr1NqB/3q2Nb/b7 w - - 0 1,qwen25,d5d4,True,False
,k7/4p3/5rRR/5B2/2N3B1/rK1B4/7Q/3R4 w - - 0 1,qwen25,h7h8,True,False
,1n6/4rN1Q/kr3P2/3K4/8/1N5B/5N2/8 w - - 0 1,qwen25,d2d4,True,False
,1B2q3/4p3/r2N4/P7/2K5/8/7k/N7 w - - 0 1,qwen25,d7d5,True,False
,1N2B3/3K4/3kN3/4N3/1P6/8/8/8 w - - 0 1,qwen25,d2d4,True,False
,3b4/2nK4/7N/3k4/8/3p4/8/6N1 w - - 0 1,qwen25,d5d4,True,False
,b4b2/8/P3bN1B/3p2q1/5Q2/5q2/1Q2Kk1P/4N3 w - - 0 1,qwen25,d7d5,True,False
,8/1Pn5/8/1Q6/6r1/5p1K/1Q6/kB6 w - - 0 1,qwen25,d7d5,True,False
,8/5B2/3k4/qPp2br1/1QbB1rK1/q3qBq1/2q2bp1/n1NbB3 w - - 0 1,qwen25,d5d4,True,False
,1n6/1Qb1r3/3k3q/1KP5/8/8/3Rn2R/n4r2 w - - 0 1,qwen25,d7d5,True,False
,Kn5Q/3B4/kp6/nnN5/1B5B/Nnn1b1R1/8/5q2 w - - 0 1,qwen25,d5d4,True,False
,R7/8/2q4K/4r3/k7/8/8/1Q1q4 w - - 0 1,qwen25,d7d5,True,False
,B2R2b1/1PK5/2p4n/1b2NP2/k5PB/4r1b1/6r1/3B1Q2 w - - 0 1,qwen25,d7d5,True,False
,3r1RR1/8/B7/1k6/1p6/3K4/3q4/2R5 w - - 0 1,qwen25,h7h6,True,False
,4QNq1/k4q2/4qrQ1/2RK4/8/1P6/B7/2q5 w - - 0 1,qwen25,h7h8,True,False
,qrqR1bnr/8/q1R5/b1k4q/8/4b3/1K4p1/1n3R2 w - - 0 1,qwen25,d7d5,True,False
,Nn5k/1P6/1B6/p7/5r2/7K/8/7q w - - 0 1,qwen25,,True,False
,5r2/8/2R2K2/3k4/4b3/8/7Q/8 w - - 0 1,qwen25,d7d5,True,False
,8/1R6/R7/4r3/8/k7/2b1K3/8 w - - 0 1,qwen25,d5d4,True,False
,2R5/1r4kK/n1nq4/4Q3/1b1p2p1/p1p4b/3P3N/1Q1Q1b2 w - - 0 1,qwen25,d7d5,True,False
,QQ4B1/4B3/2K5/5r2/3k4/R5Q1/3b4/2Q5 w - - 0 1,qwen25,d7d5,True,False
,4q3/RR3r2/1Q4K1/2P1b3/8/1rP1kq2/2b1Q3/r7 w - - 0 1,qwen25,d5d4,True,False
,8/8/K1r5/8/Q1np4/8/6kb/4r3 w - - 0 1,qwen25,d2d4,True,False
,4b2N/8/1p2NN1r/5b2/7N/r7/1k2P3/Bn3K2 w - - 0 1,qwen25,d5d4,True,False
,3r4/8/p6p/1Q3p2/2Qb4/3r4/2Kk4/3q4 w - - 0 1,qwen25,d5d4,True,False
,8/6r1/1B1BK1Q1/1kb1qp2/2P1b3/2qrNBRp/2R2b2/4B3 w - - 0 1,qwen25,d5d4,True,False
,1R6/5n1r/B2p2B1/8/3q2b1/1R2nPK1/1b1n1p1k/7R w - - 0 1,qwen25,d7d5,True,False
,1BN1bk2/3b4/7r/3NK1P1/5Q1Q/p3nrR1/3b4/3b1N2 w - - 0 1,qwen25,d7d6,True,False
,2b3R1/1qn3Pr/1k6/2r1B1KQ/8/2q1p3/3R4/qQR2b2 w - - 0 1,qwen25,d7d5,True,False
,1K2RN2/3b2Bq/Q7/1k1B4/rbB5/2NB1p2/5RP1/q3bq2 w - - 0 1,qwen25,d7d5,True,False
,8/8/5q2/1bN1K3/8/2k2Brp/2n4Q/8 w - - 0 1,qwen25,d5d4,True,False
,2q5/1B3P1k/pnq4N/1R4br/2B1qr1p/2QqPb1K/4nppR/2B3r1 w - - 0 1,qwen25,d7d5,True,False
,2NBq3/3K4/8/8/8/4Q3/N5B1/k1Nn1R2 w - - 0 1,qwen25,d2d4,True,False
,2n5/1Rk4N/3P1Pp1/2RPRRb1/1Q2N1rR/R1n5/8/4K1rb w - - 0 1,qwen25,d5d4,True,False
,8/8/K7/1n1p4/R3B2R/4k3/4R3/8 w - - 0 1,qwen25,d5d4,True,False
,K2k3N/2n5/1b6/8/7r/B7/1P1P3B/3n4 w - - 0 1,qwen25,d2d4,True,False
,2k4R/2r5/1Q1N4/1R1qnQ2/bp5N/2p1R1p1/r2n4/1qNK4 w - - 0 1,qwen25,d7d5,True,False
,4N3/5p2/1K1Q4/8/q5P1/1p6/1N1Qkr2/5q2 w - - 0 1,qwen25,d2d4,True,True
,bqQN4/b1b1KP2/P2P4/Q1Q3p1/1Nq2k2/6N1/1r3q2/2nN2n1 w - - 0 1,qwen25,d5d4,True,False
,2K5/4r2P/k7/8/q1b5/n7/6Q1/q4b2 w - - 0 1,qwen25,d5d4,True,False
,8/4K2N/3p2k1/Rr6/q3nn2/7P/2r5/4b2Q w - - 0 1,qwen25,d5d4,True,False
,1K6/N7/P1r4k/3q2N1/5rn1/8/1r4N1/8 w - - 0 1,qwen25,h7h6,True,False
,5r1K/1N4n1/B1B1P3/n4bPr/3N1k1q/1R1B4/1bb3n1/RQ4q1 w - - 0 1,qwen25,d7d6,True,False
,6rk/2N5/7p/2R1N2Q/p7/4P3/1n6/4K3 w - - 0 1,qwen25,d7d5,True,False
,4r1B1/p3Rrk1/4nK2/2B1r3/8/8/1n4R1/qr6 w - - 0 1,qwen25,d5d4,True,False
,R3qBb1/pB1R4/2P1q1k1/4N3/rK4P1/q4r2/1Q6/3b3B w - - 0 1,qwen25,d5d4,True,False
,2Q5/8/8/4k2Q/2Q3p1/1K6/3Pn1p1/1b6 w - - 0 1,qwen25,d2d4,True,True
,8/1r3K1b/6B1/3P3k/5B2/1R6/8/6n1 w - - 0 1,qwen25,d7d5,True,False
,8/K2R1k1n/6q1/R7/6p1/Q2P4/1r4bR/2QR2q1 w - - 0 1,qwen25,h7h5,True,False
,6Q1/3P2rn/4pb2/8/8/3N1k2/1R6/1N5K w - - 0 1,qwen25,g7g5,True,False
